yas,gelir,toplam_borc,kredi_notu,calisma_suresi,ev_durumu,risk_durumu
56,60094.39,5640.67,317,16,Kiraci,1
46,36346.62,0.0,588,1,Ev Sahibi,0
32,57535.38,14779.88,713,19,Aile,0
60,28054.4,29178.01,534,5,Kiraci,1
25,52947.06,28290.07,715,7,Kiraci,1
38,66623.53,11343.23,798,15,Aile,0
56,15000.0,10182.3,414,18,Aile,1
36,33046.57,18750.19,533,0,Aile,1
40,53656.08,7012.92,839,2,Kiraci,0
28,41954.32,17414.34,310,2,Aile,1
28,50567.19,21128.64,505,4,Aile,1
41,35940.22,24815.47,546,11,Ev Sahibi,1
53,46298.85,14198.77,426,11,Ev Sahibi,1
57,42664.84,13370.61,446,19,Kiraci,1
41,62516.73,7976.14,417,12,Ev Sahibi,1
20,48816.31,8384.96,681,19,Ev Sahibi,0
39,50064.04,13188.17,711,8,Aile,0
19,38821.85,17938.92,662,6,Aile,1
41,37685.91,22308.68,808,3,Ev Sahibi,1
61,38511.63,8574.57,436,18,Ev Sahibi,1
47,50916.78,26941.51,474,21,Ev Sahibi,1
55,38685.23,12831.01,588,18,Kiraci,0
19,49346.62,14829.06,780,5,Kiraci,0
38,76131.01,9022.31,318,12,Kiraci,1
50,58066.87,0.0,494,10,Ev Sahibi,1
29,40109.65,22072.36,629,12,Ev Sahibi,1
39,63018.21,20894.75,474,12,Kiraci,1
61,38878.87,12749.38,748,24,Kiraci,0
42,15000.0,15535.93,653,21,Ev Sahibi,1
44,29878.71,19127.51,798,19,Aile,1
59,16938.12,2499.63,440,14,Kiraci,1
45,39727.3,10767.58,392,20,Ev Sahibi,1
33,45276.28,21354.12,538,12,Ev Sahibi,1
32,70146.56,4965.68,504,21,Aile,1
64,49903.91,17348.46,732,10,Ev Sahibi,0
61,41713.49,4147.35,544,18,Ev Sahibi,1
20,57441.08,18731.44,616,7,Kiraci,0
54,15000.0,14714.87,594,19,Kiraci,1
24,48534.22,2078.95,581,7,Aile,0
38,56562.98,24317.91,316,9,Aile,1
26,22821.21,9123.27,370,15,Ev Sahibi,1
56,62156.31,8517.98,568,18,Kiraci,1
35,50077.45,16604.55,624,22,Aile,0
21,38770.68,24189.1,604,10,Aile,1
42,54491.73,6873.43,750,12,Aile,0
31,79060.39,15493.44,306,8,Ev Sahibi,1
26,47727.99,18430.53,613,19,Kiraci,0
43,48723.31,20544.84,402,23,Aile,1
19,38109.59,16411.53,492,18,Kiraci,1
37,32252.33,12063.78,828,15,Aile,0
45,57455.04,8379.28,470,6,Aile,1
64,32158.74,15689.15,836,18,Kiraci,1
24,46073.49,6422.89,550,11,Kiraci,1
61,37835.14,0.0,686,14,Kiraci,0
25,52184.7,18492.48,506,22,Ev Sahibi,1
64,50004.93,22231.48,840,13,Aile,1
52,60563.1,0.0,715,10,Ev Sahibi,0
31,37349.75,6922.15,679,9,Kiraci,0
34,40951.88,19953.23,443,10,Aile,1
53,30318.54,31459.96,324,5,Ev Sahibi,1
57,38335.6,15166.35,372,1,Aile,1
21,50659.51,9175.98,392,10,Ev Sahibi,1
19,56354.83,13536.83,804,18,Kiraci,0
23,31167.52,25999.01,635,5,Ev Sahibi,1
59,58044.09,9832.29,724,13,Aile,0
21,65334.57,8606.46,798,19,Aile,0
46,51201.52,11138.05,663,5,Aile,0
35,73151.94,7373.37,498,16,Aile,1
43,33393.16,15981.36,712,9,Kiraci,1
61,26330.18,27997.43,638,0,Ev Sahibi,1
51,18319.2,17584.63,728,2,Kiraci,1
27,67440.66,12981.17,438,7,Kiraci,1
53,54815.48,12665.51,841,7,Kiraci,0
31,44166.23,2494.47,356,19,Aile,1
48,49199.53,22064.88,531,21,Aile,1
32,28117.66,14377.3,734,14,Aile,1
25,81686.28,13556.16,683,23,Ev Sahibi,0
31,46938.32,40544.86,493,6,Aile,1
40,46640.92,17390.02,833,10,Ev Sahibi,0
57,55886.5,8985.67,817,6,Aile,0
38,52215.14,11589.14,484,3,Aile,1
33,48358.26,24187.57,591,24,Kiraci,1
62,33142.88,15906.16,634,11,Kiraci,1
35,52072.03,3493.78,415,5,Kiraci,1
64,73230.37,22353.83,348,13,Ev Sahibi,1
41,65181.3,9654.85,381,11,Ev Sahibi,1
43,68897.8,29986.38,632,10,Aile,1
42,37331.76,23640.38,634,18,Ev Sahibi,1
62,30155.93,11421.42,831,20,Aile,0
58,43113.2,25248.13,520,4,Ev Sahibi,1
46,45835.87,15542.84,622,13,Ev Sahibi,0
32,61412.87,21822.19,302,20,Ev Sahibi,1
62,19613.03,18877.86,505,23,Kiraci,1
18,67943.25,8229.15,339,15,Ev Sahibi,1
42,42629.88,9851.6,358,24,Kiraci,1
24,38596.78,23239.69,806,12,Kiraci,1
26,29818.43,12321.8,421,24,Ev Sahibi,1
41,20177.15,11770.81,778,21,Aile,1
18,57347.56,7359.02,395,21,Aile,1
61,46099.77,18388.79,713,24,Aile,0
25,25650.59,31500.2,534,19,Ev Sahibi,1
41,25573.82,6459.74,361,21,Aile,1
28,39963.23,15193.76,555,3,Kiraci,1
34,70035.32,26297.76,647,10,Aile,0
25,41106.13,14362.87,423,16,Ev Sahibi,1
52,22452.86,18618.97,781,6,Aile,1
52,41313.85,6500.85,616,13,Kiraci,0
50,40909.15,18426.46,803,10,Ev Sahibi,1
22,15000.0,13502.85,347,21,Aile,1
59,44185.58,22885.84,708,8,Ev Sahibi,1
56,41535.98,24499.09,435,22,Ev Sahibi,1
58,55443.1,35716.51,500,12,Ev Sahibi,1
45,72734.34,19637.07,549,22,Aile,1
24,61898.48,17606.37,613,17,Ev Sahibi,0
26,40966.67,16555.07,667,10,Aile,1
25,28402.11,12174.67,728,14,Kiraci,1
29,83600.4,17707.87,779,24,Aile,0
51,45888.28,12636.79,613,24,Kiraci,0
50,45208.94,16347.69,799,21,Aile,0
40,44638.12,25540.78,654,18,Ev Sahibi,1
41,47971.27,6947.66,784,0,Aile,0
54,42834.59,24119.03,510,3,Ev Sahibi,1
52,36395.07,25536.92,343,13,Kiraci,1
61,36797.12,14055.45,840,13,Aile,0
57,44508.7,0.0,391,2,Ev Sahibi,1
39,36848.63,10137.42,564,16,Kiraci,1
44,34307.31,25375.96,519,2,Kiraci,1
52,46596.45,14817.06,741,15,Aile,0
18,41175.34,7005.58,700,13,Kiraci,0
52,67559.89,10961.8,699,19,Ev Sahibi,0
54,15000.0,21724.96,789,12,Kiraci,1
64,61372.6,19373.87,784,14,Kiraci,0
31,63691.28,13088.54,769,13,Ev Sahibi,0
20,15000.0,12065.4,744,23,Kiraci,1
18,39859.69,11865.93,568,24,Kiraci,1
22,39428.39,7620.72,566,18,Kiraci,1
43,23887.32,27923.01,353,5,Kiraci,1
31,33332.75,12421.44,827,9,Ev Sahibi,0
56,28341.36,24737.27,819,14,Kiraci,1
44,71284.06,27170.53,358,20,Ev Sahibi,1
26,59035.18,22986.49,339,21,Kiraci,1
32,64073.33,11547.04,536,19,Kiraci,1
32,55825.08,18229.84,685,5,Kiraci,0
43,28064.22,14806.44,599,22,Kiraci,1
59,37132.2,7770.39,694,24,Ev Sahibi,0
30,52340.62,17594.87,506,9,Ev Sahibi,1
49,26668.08,5567.68,635,6,Ev Sahibi,0
56,55694.98,24501.44,813,21,Aile,1
49,41395.12,11283.06,477,16,Kiraci,1
21,39377.69,16609.28,695,17,Kiraci,1
47,55664.4,17266.3,670,16,Ev Sahibi,0
54,51663.95,12928.76,617,8,Aile,0
40,39585.51,19693.55,668,9,Kiraci,1
56,62389.95,11200.77,683,9,Ev Sahibi,0
62,28784.05,21970.38,361,24,Kiraci,1
32,54239.03,4232.16,804,6,Kiraci,0
60,53896.52,16011.04,538,15,Ev Sahibi,1
46,40356.8,30511.43,494,17,Ev Sahibi,1
53,49892.0,6997.35,521,5,Kiraci,1
30,26233.3,9578.04,360,19,Kiraci,1
49,58860.41,19111.26,428,0,Ev Sahibi,1
24,42226.47,16436.65,455,0,Kiraci,1
39,37159.15,17805.04,677,11,Kiraci,1
45,60735.14,18913.5,736,20,Ev Sahibi,0
19,34434.84,20077.77,506,1,Kiraci,1
59,23873.08,23877.6,687,3,Kiraci,1
62,21650.56,18278.55,779,16,Aile,1
23,54090.15,13069.94,639,3,Ev Sahibi,0
45,25793.56,20380.59,639,10,Aile,1
45,71321.91,30199.06,503,21,Aile,1
61,15000.0,13938.93,460,3,Aile,1
61,70446.85,7203.77,839,0,Kiraci,0
37,48165.26,23856.65,691,6,Kiraci,1
47,43549.3,14036.95,833,17,Aile,0
28,36826.21,0.0,369,8,Aile,1
45,50987.04,21779.37,704,2,Aile,1
42,44435.48,10717.37,816,7,Kiraci,0
56,61549.53,14275.73,419,23,Aile,1
50,46713.41,17655.84,516,18,Aile,1
18,47254.53,16524.0,355,3,Ev Sahibi,1
44,39545.82,20675.61,665,17,Ev Sahibi,1
30,44145.82,11516.11,803,19,Kiraci,0
58,49617.03,19104.85,754,10,Ev Sahibi,0
20,19347.47,12923.63,403,13,Ev Sahibi,1
56,24777.22,20910.48,376,24,Ev Sahibi,1
23,56148.96,19922.94,529,17,Kiraci,1
25,47562.98,7516.49,557,15,Ev Sahibi,1
44,42240.25,23687.86,563,2,Kiraci,1
26,45276.51,10712.29,630,14,Aile,0
54,50213.73,21464.46,481,3,Ev Sahibi,1
50,36903.6,17938.3,849,4,Kiraci,1
59,33325.43,29705.47,326,16,Ev Sahibi,1
61,47937.68,13212.27,575,6,Aile,1
41,30324.41,12205.47,598,15,Kiraci,1
32,51123.79,14844.64,390,13,Kiraci,1
49,19461.25,12574.56,779,15,Kiraci,1
49,60437.33,21399.54,757,6,Aile,0
41,52088.96,2069.52,750,8,Aile,0
58,48840.45,6570.54,664,3,Aile,0
29,59740.36,6457.58,650,21,Kiraci,0
56,69982.12,22602.46,699,10,Aile,0
19,60215.55,28684.91,552,1,Ev Sahibi,1
20,17386.89,14164.41,758,11,Aile,1
54,25806.35,13649.43,798,11,Kiraci,1
34,35627.72,15560.42,807,3,Ev Sahibi,1
19,45391.37,24295.03,603,17,Aile,1
19,52764.89,7581.17,800,20,Ev Sahibi,0
45,34113.84,16906.95,465,6,Ev Sahibi,1
40,47801.5,22801.58,714,0,Kiraci,1
54,33669.26,19008.75,761,22,Ev Sahibi,1
49,35827.23,16516.65,413,12,Ev Sahibi,1
50,23900.08,23008.37,732,5,Kiraci,1
18,31151.5,0.0,655,5,Kiraci,0
36,24724.73,20423.0,506,11,Kiraci,1
19,30361.9,9767.39,534,7,Ev Sahibi,1
61,60804.63,354.94,741,23,Ev Sahibi,0
43,30759.02,19089.62,654,21,Ev Sahibi,1
49,84485.73,25989.27,814,18,Kiraci,0
23,52399.77,13900.41,507,4,Aile,1
49,47772.54,22623.0,424,17,Ev Sahibi,1
21,32124.63,27898.23,437,4,Aile,1
28,55504.65,25519.32,638,24,Kiraci,1
34,36365.43,28119.72,836,9,Ev Sahibi,1
55,46830.15,20937.02,367,0,Aile,1
41,83401.27,15603.47,840,9,Ev Sahibi,0
22,43559.1,2184.27,682,4,Ev Sahibi,0
51,62239.1,13031.5,318,11,Ev Sahibi,1
23,34452.35,8254.03,749,21,Aile,0
39,44475.17,32367.54,373,6,Kiraci,1
28,71562.01,13592.91,575,8,Ev Sahibi,1
33,35595.49,15985.64,347,21,Kiraci,1
50,72186.73,19411.88,510,20,Kiraci,1
26,55616.28,15348.82,839,11,Aile,0
23,36563.0,28560.41,490,22,Aile,1
33,54486.12,10018.81,614,0,Kiraci,0
46,59588.32,16556.86,412,10,Ev Sahibi,1
20,54327.15,9060.24,469,20,Aile,1
37,21446.63,4439.82,767,14,Ev Sahibi,0
53,34092.94,10105.85,313,1,Ev Sahibi,1
36,41287.22,14703.71,587,19,Ev Sahibi,0
43,43883.5,11565.58,488,6,Kiraci,1
20,54310.08,9460.63,454,20,Ev Sahibi,1
36,47665.52,3749.46,770,11,Kiraci,0
37,24969.83,14335.16,374,21,Kiraci,1
49,50702.97,2962.24,576,17,Ev Sahibi,1
24,54158.79,21080.45,642,2,Ev Sahibi,0
58,53396.86,15659.52,724,6,Ev Sahibi,0
50,61211.71,3339.59,810,10,Ev Sahibi,0
57,57508.83,12526.33,481,17,Kiraci,1
56,51887.7,8982.75,757,11,Ev Sahibi,0
35,43947.51,17553.4,363,5,Ev Sahibi,1
57,20085.59,25723.6,559,4,Kiraci,1
18,51444.27,0.0,492,0,Aile,1
28,48115.32,15920.21,705,11,Aile,0
45,49073.68,13718.94,392,10,Kiraci,1
42,25848.77,20370.72,729,3,Aile,1
40,28784.15,16705.57,733,17,Kiraci,1
48,60797.29,8984.25,703,3,Ev Sahibi,0
47,44406.67,12447.57,733,16,Ev Sahibi,0
59,55222.51,8631.79,411,1,Aile,1
52,45424.78,23608.06,674,23,Ev Sahibi,1
24,45446.34,15170.49,358,21,Aile,1
33,59074.26,30209.53,342,1,Aile,1
43,37259.33,14514.71,506,11,Ev Sahibi,1
19,46441.81,9332.75,595,5,Ev Sahibi,0
18,38065.87,2890.28,417,9,Aile,1
29,38482.56,574.88,831,24,Ev Sahibi,0
22,40362.42,2326.91,521,22,Kiraci,1
54,48332.01,17137.01,465,24,Ev Sahibi,1
49,37818.77,19069.8,455,20,Ev Sahibi,1
26,63836.34,2350.47,483,22,Kiraci,1
58,31580.89,22160.31,389,15,Ev Sahibi,1
52,42196.93,11135.51,393,13,Ev Sahibi,1
36,38404.03,16174.34,312,6,Aile,1
33,66704.67,27897.77,737,18,Ev Sahibi,1
20,47948.32,22174.71,837,22,Ev Sahibi,1
37,60477.67,12851.75,449,16,Kiraci,1
41,22716.59,7870.46,307,8,Aile,1
50,49005.75,0.0,328,12,Aile,1
41,58344.46,9246.77,595,21,Aile,0
28,46234.26,13310.96,639,4,Ev Sahibi,0
25,60982.21,7102.56,738,22,Aile,0
53,37240.67,13949.94,443,4,Kiraci,1
55,66140.21,15614.82,818,9,Aile,0
57,79483.47,13201.15,344,20,Kiraci,1
37,39557.42,9799.98,538,9,Aile,1
52,38317.46,16349.24,454,6,Aile,1
42,66800.77,18535.53,480,14,Kiraci,1
52,68693.58,6276.81,514,6,Aile,1
42,37157.1,26287.46,387,14,Aile,1
46,38697.2,14211.29,555,2,Aile,1
35,40773.23,15150.8,810,18,Ev Sahibi,0
63,24833.24,20665.72,372,9,Kiraci,1
35,31220.22,16865.73,478,14,Aile,1
19,29937.89,22625.09,511,2,Kiraci,1
52,33483.04,17296.99,533,5,Kiraci,1
33,44479.73,10100.5,764,11,Kiraci,0
58,48513.22,17892.03,522,14,Aile,1
53,68257.51,5850.19,563,5,Aile,1
50,30024.69,15868.48,506,12,Kiraci,1
21,59764.84,14734.16,665,18,Ev Sahibi,0
50,41790.17,13335.07,575,2,Kiraci,1
31,44258.04,13971.7,679,7,Ev Sahibi,0
38,55122.29,0.0,608,7,Kiraci,0
37,28159.17,10610.2,567,22,Kiraci,1
25,50736.15,15742.76,363,19,Kiraci,1
24,47496.78,16278.85,649,14,Aile,0
20,52386.77,6778.6,793,3,Ev Sahibi,0
34,49337.53,25125.66,822,18,Ev Sahibi,1
50,81829.5,8070.6,397,20,Kiraci,1
29,35433.9,22755.66,370,2,Aile,1
39,37035.05,18417.55,663,12,Aile,1
39,35652.89,9830.18,575,7,Ev Sahibi,1
63,36667.84,29202.49,349,22,Aile,1
47,35439.19,5450.91,657,15,Ev Sahibi,0
55,62835.25,22353.23,784,12,Ev Sahibi,0
55,66307.56,23004.66,383,2,Ev Sahibi,1
62,36438.81,9635.04,595,15,Aile,0
25,32514.67,26139.72,535,8,Ev Sahibi,1
44,52071.23,12999.63,355,13,Ev Sahibi,1
44,36716.65,17309.55,659,12,Kiraci,1
51,54493.98,17082.57,409,20,Ev Sahibi,1
38,48043.85,13925.53,491,24,Ev Sahibi,1
47,22263.84,21486.47,392,6,Kiraci,1
50,68212.58,21347.91,359,14,Kiraci,1
45,71938.17,1011.74,338,6,Aile,1
64,35808.17,25434.72,839,5,Ev Sahibi,1
50,39184.48,1700.06,348,1,Aile,1
22,49287.98,23260.37,719,8,Aile,1
36,50016.85,24013.64,312,21,Kiraci,1
21,54878.16,6272.27,335,23,Aile,1
52,75153.07,11713.49,400,16,Ev Sahibi,1
34,42345.79,6154.36,385,4,Kiraci,1
61,33025.54,13280.63,815,11,Ev Sahibi,1
45,24310.21,12535.73,522,0,Ev Sahibi,1
47,34036.05,21237.28,637,9,Kiraci,1
46,44503.1,25482.47,465,10,Ev Sahibi,1
63,71918.37,26165.47,682,15,Kiraci,0
23,37235.83,10502.66,675,13,Ev Sahibi,0
52,48356.82,13326.23,770,7,Kiraci,0
58,44753.66,1532.49,330,23,Aile,1
54,62825.9,8553.04,674,16,Ev Sahibi,0
41,82903.99,22718.81,310,24,Kiraci,1
46,37036.97,27924.66,601,17,Ev Sahibi,1
63,37658.41,5125.21,395,11,Ev Sahibi,1
48,60662.41,10260.29,489,24,Ev Sahibi,1
52,55228.37,14788.75,752,16,Kiraci,0
50,72700.61,17241.29,491,13,Aile,1
38,53758.92,8523.17,785,15,Aile,0
49,39610.62,18392.49,565,13,Aile,1
40,53859.82,11209.29,723,8,Kiraci,0
50,61630.55,14884.38,427,3,Aile,1
20,57307.23,19370.27,537,24,Kiraci,1
35,52609.11,15051.38,654,22,Ev Sahibi,0
42,61000.12,11508.91,411,10,Ev Sahibi,1
59,62539.43,14123.12,745,5,Aile,0
48,65732.38,14293.1,642,14,Kiraci,0
20,54730.65,12039.91,444,4,Ev Sahibi,1
57,42493.23,12929.63,364,10,Kiraci,1
63,47200.71,27789.18,546,24,Kiraci,1
41,63097.63,19487.36,789,17,Ev Sahibi,0
49,32745.96,12636.16,738,12,Kiraci,0
64,50530.1,20575.64,405,10,Ev Sahibi,1
39,39099.92,12329.44,480,13,Ev Sahibi,1
40,45431.17,24385.0,483,17,Ev Sahibi,1
19,64176.78,17957.14,525,24,Kiraci,1
44,47866.49,14141.58,388,18,Ev Sahibi,1
59,45696.55,18581.74,829,23,Kiraci,1
19,24602.16,2432.99,670,14,Ev Sahibi,0
43,56193.8,5985.86,698,8,Ev Sahibi,0
34,54682.26,5448.6,405,7,Aile,1
57,77448.82,16143.54,570,19,Aile,1
50,40383.33,28860.12,802,0,Aile,1
26,48287.25,32850.4,824,3,Kiraci,1
60,48740.76,20104.41,331,13,Kiraci,1
56,68661.8,19006.76,692,24,Ev Sahibi,0
46,43570.57,591.54,339,1,Ev Sahibi,1
59,49185.32,10658.61,517,15,Ev Sahibi,1
43,54118.45,8697.73,381,2,Ev Sahibi,1
52,47799.14,10033.22,500,7,Kiraci,1
42,38303.5,13654.85,746,5,Ev Sahibi,0
41,47911.35,11223.28,727,15,Ev Sahibi,0
30,61104.48,0.0,337,23,Aile,1
24,29602.27,20983.28,510,15,Ev Sahibi,1
53,46994.55,6418.06,743,6,Ev Sahibi,0
62,34498.19,16913.97,626,12,Ev Sahibi,1
37,62925.7,31592.66,526,12,Kiraci,1
18,22152.2,7644.92,347,4,Aile,1
25,36616.17,0.0,317,24,Ev Sahibi,1
63,50658.18,12711.97,738,19,Ev Sahibi,0
33,68482.86,23807.68,486,21,Aile,1
31,44013.75,30666.78,644,17,Ev Sahibi,1
29,36672.01,5163.6,523,14,Kiraci,1
40,73217.36,18973.59,787,17,Ev Sahibi,0
32,23279.79,11277.52,528,1,Kiraci,1
45,15000.0,14152.41,689,9,Kiraci,1
51,51600.22,36154.75,487,22,Ev Sahibi,1
19,37469.19,2976.24,569,12,Aile,1
49,29681.51,17029.92,609,17,Kiraci,1
40,55625.35,18741.55,431,14,Aile,1
39,48657.01,23686.29,371,11,Ev Sahibi,1
42,36538.82,15783.87,486,14,Kiraci,1
39,25795.43,17464.4,785,12,Ev Sahibi,1
39,58086.86,11866.81,490,17,Aile,1
59,54753.02,17153.02,721,14,Ev Sahibi,0
23,43512.36,12254.46,419,24,Ev Sahibi,1
32,72699.55,19972.58,519,22,Kiraci,1
60,28948.73,12043.12,352,10,Ev Sahibi,1
54,22117.12,18016.8,750,18,Ev Sahibi,1
50,34621.38,14765.9,711,2,Ev Sahibi,1
25,44316.21,24008.4,536,6,Kiraci,1
61,48650.09,14588.85,705,20,Aile,0
61,41381.46,815.74,721,13,Aile,0
22,50280.83,25095.37,546,13,Ev Sahibi,1
56,26226.91,7754.14,371,21,Kiraci,1
21,66656.47,9769.87,484,12,Ev Sahibi,1
23,43767.73,10234.71,305,11,Aile,1
62,61759.44,25995.5,505,23,Kiraci,1
49,50140.88,0.0,843,8,Aile,0
47,51851.3,40101.99,686,0,Aile,1
64,53546.51,23448.45,375,18,Kiraci,1
52,51715.63,16785.91,476,10,Kiraci,1
57,54640.84,14560.85,648,22,Ev Sahibi,0
33,64937.29,17284.43,554,21,Ev Sahibi,1
30,47947.82,19168.98,607,22,Aile,0
59,55635.06,20161.72,644,23,Kiraci,0
47,43653.96,19444.84,426,21,Kiraci,1
36,66601.76,15716.65,586,18,Ev Sahibi,0
34,34854.12,13421.29,786,17,Aile,0
36,72014.11,13789.81,682,11,Aile,0
45,44397.63,13440.73,705,22,Ev Sahibi,0
43,23538.37,24070.16,687,0,Kiraci,1
54,46921.57,19748.45,824,18,Ev Sahibi,1
43,34784.23,0.0,575,19,Ev Sahibi,1
40,57609.65,20247.21,799,16,Ev Sahibi,0
26,35210.64,16557.89,636,4,Ev Sahibi,1
29,38307.25,14850.33,780,2,Kiraci,0
18,16656.89,11891.85,572,1,Ev Sahibi,1
18,38215.41,23992.9,357,2,Kiraci,1
64,15000.0,22580.21,627,7,Ev Sahibi,1
51,21241.46,8816.98,408,15,Aile,1
49,56406.22,18256.42,578,5,Kiraci,1
42,56787.0,7226.75,627,12,Aile,0
57,51381.86,3963.05,614,22,Ev Sahibi,0
62,30495.36,9986.26,773,21,Ev Sahibi,0
18,44284.33,21899.15,410,21,Ev Sahibi,1
33,44945.96,22625.0,528,15,Kiraci,1
56,27624.53,19104.68,796,15,Aile,1
22,67550.97,20800.77,455,2,Kiraci,1
39,58160.43,19129.43,772,12,Kiraci,0
46,41685.54,9868.15,571,13,Ev Sahibi,1
20,45403.29,18455.38,301,7,Aile,1
29,48125.74,21403.28,810,11,Ev Sahibi,1
43,15000.0,21034.33,585,22,Kiraci,1
33,41292.34,24511.31,312,22,Ev Sahibi,1
54,34770.24,20666.43,797,21,Aile,1
39,29975.7,17811.59,537,20,Ev Sahibi,1
46,40783.5,23561.2,393,7,Aile,1
31,71965.3,14787.83,637,20,Aile,0
45,54612.64,7945.0,470,24,Ev Sahibi,1
22,36432.32,13695.46,766,8,Kiraci,0
64,53588.74,9040.78,442,0,Ev Sahibi,1
47,65990.33,9598.57,500,5,Kiraci,1
63,58869.51,13843.85,479,22,Kiraci,1
22,45894.46,8660.64,663,18,Ev Sahibi,0
29,35295.95,12536.31,778,22,Kiraci,0
33,55473.35,0.0,770,10,Kiraci,0
43,50902.28,16706.35,683,10,Ev Sahibi,0
43,58427.9,15009.64,716,22,Ev Sahibi,0
38,54527.58,8463.29,607,12,Ev Sahibi,0
56,60743.29,20273.97,666,10,Kiraci,0
53,36971.47,22500.56,300,17,Aile,1
50,64760.91,2139.52,343,22,Kiraci,1
47,47963.99,8898.2,397,14,Aile,1
54,76128.91,8846.86,564,0,Ev Sahibi,1
40,34662.18,7480.78,439,20,Aile,1
27,71039.46,21635.8,780,24,Ev Sahibi,0
22,47968.66,13449.39,536,6,Ev Sahibi,1
53,35228.73,12883.88,371,22,Aile,1
51,37741.71,0.0,489,12,Ev Sahibi,1
48,40194.79,20083.34,567,11,Aile,1
27,51362.49,5085.93,620,17,Ev Sahibi,0
36,52842.53,15479.46,406,23,Kiraci,1
49,36394.5,17219.02,531,18,Kiraci,1
18,44634.68,25885.27,341,14,Ev Sahibi,1
22,77134.06,4529.44,438,7,Ev Sahibi,1
62,70913.15,0.0,572,18,Aile,1
21,51544.86,16470.8,780,9,Kiraci,0
33,45570.05,29404.09,715,6,Aile,1
41,46800.47,24911.57,805,17,Ev Sahibi,1
33,54202.77,16677.28,723,15,Ev Sahibi,0
19,29658.11,11066.91,706,19,Aile,0
45,41139.35,21456.98,689,5,Ev Sahibi,1
49,19971.24,7211.63,641,8,Kiraci,0
44,50988.35,18810.86,792,20,Aile,0
37,54707.94,19043.76,491,12,Kiraci,1
41,37752.2,23481.68,798,24,Kiraci,1
29,68609.8,37077.28,532,20,Kiraci,1
52,26613.52,18139.33,526,7,Aile,1
50,23034.38,10928.29,670,15,Ev Sahibi,1
50,48366.78,14795.41,438,12,Kiraci,1
60,60706.47,847.39,448,12,Kiraci,1
54,70258.92,9442.29,414,16,Kiraci,1
29,38116.74,11725.74,749,22,Ev Sahibi,0
20,61180.21,10807.29,362,19,Ev Sahibi,1
18,44422.37,16218.84,403,4,Aile,1
50,42410.59,8420.64,572,21,Ev Sahibi,1
57,58254.9,23968.25,305,20,Aile,1
27,54784.84,15001.66,446,16,Aile,1
60,21354.12,14925.6,483,8,Aile,1
61,67148.11,12376.84,327,1,Aile,1
46,65701.37,16241.53,849,24,Aile,0
30,35616.56,21600.79,418,17,Kiraci,1
29,50937.05,8062.96,592,8,Ev Sahibi,0
48,52410.45,9735.07,670,5,Kiraci,0
63,48910.11,12570.19,543,10,Aile,1
19,36745.42,4233.03,517,24,Ev Sahibi,1
52,34925.65,8445.94,476,5,Kiraci,1
40,44616.69,11190.23,598,5,Kiraci,0
34,62590.94,21995.11,357,12,Aile,1
43,53154.0,17100.49,568,10,Kiraci,1
25,39440.79,16548.72,607,13,Kiraci,1
46,56575.48,21807.18,587,1,Kiraci,0
43,15000.0,13901.03,404,7,Kiraci,1
27,62231.49,18123.72,527,2,Kiraci,1
43,18904.29,14174.23,546,22,Aile,1
51,39563.39,17122.9,793,20,Aile,1
58,28204.95,10337.93,382,2,Kiraci,1
24,25579.78,0.0,485,0,Aile,1
21,62412.4,13925.77,551,23,Aile,1
62,37984.48,26381.99,654,18,Ev Sahibi,1
28,50197.56,22409.72,509,17,Kiraci,1
46,44296.19,22723.18,746,16,Aile,1
53,52155.61,24889.05,759,19,Aile,1
42,46152.33,15709.26,771,23,Kiraci,0
38,25755.12,16578.53,669,12,Ev Sahibi,1
53,59944.0,10058.78,791,2,Kiraci,0
27,37593.65,12471.42,436,0,Ev Sahibi,1
54,21651.27,19926.17,666,3,Kiraci,1
26,38578.27,24631.08,483,24,Kiraci,1
41,67511.4,13884.43,586,12,Kiraci,0
52,57753.33,11398.49,771,16,Kiraci,0
52,39770.22,15004.22,674,10,Ev Sahibi,0
53,39761.13,19809.65,836,1,Ev Sahibi,1
35,40175.47,3449.16,810,24,Aile,0
56,76151.22,0.0,549,15,Kiraci,1
49,50729.03,10595.71,809,1,Ev Sahibi,0
41,51450.62,5234.3,372,18,Ev Sahibi,1
40,60454.25,10934.88,581,22,Ev Sahibi,0
49,48581.84,13817.76,659,18,Kiraci,0
54,41114.37,11374.01,309,24,Aile,1
29,42054.75,26619.74,510,15,Ev Sahibi,1
30,43925.98,17613.96,451,21,Kiraci,1
40,44441.67,17403.79,304,18,Ev Sahibi,1
42,55914.44,19977.66,494,8,Ev Sahibi,1
52,45779.19,5889.34,582,0,Aile,0
58,55989.6,23312.89,763,9,Ev Sahibi,1
47,43789.25,14393.89,412,18,Ev Sahibi,1
34,46179.53,20363.84,570,0,Kiraci,1
37,15026.99,6425.14,462,1,Kiraci,1
42,58744.92,2569.93,759,15,Aile,0
39,50197.33,21543.12,404,11,Kiraci,1
30,59970.15,18011.28,581,7,Kiraci,0
36,15000.0,7783.59,461,22,Aile,1
53,76325.62,8042.7,650,17,Ev Sahibi,0
29,42906.16,24003.48,733,1,Aile,1
58,61622.74,5484.7,439,24,Kiraci,1
36,29401.41,28141.38,770,12,Aile,1
29,54191.61,7795.03,431,5,Ev Sahibi,1
26,29198.77,20107.14,386,20,Aile,1
24,35643.47,12371.05,482,5,Kiraci,1
45,73710.47,19825.5,667,8,Kiraci,0
31,42139.76,10647.09,428,15,Aile,1
48,48261.49,13697.66,545,10,Ev Sahibi,1
36,58051.02,15327.35,677,6,Aile,0
64,52435.23,6982.5,448,9,Ev Sahibi,1
33,47256.28,20926.59,732,9,Ev Sahibi,1
22,50474.42,10894.29,768,24,Aile,0
52,81051.23,13171.2,745,19,Ev Sahibi,0
29,44135.72,7045.21,780,17,Kiraci,0
42,48016.49,0.0,593,23,Aile,0
38,60759.82,13471.78,442,19,Ev Sahibi,1
53,61582.89,34300.92,549,8,Kiraci,1
40,62805.45,21276.83,601,14,Aile,0
33,54580.95,14845.92,324,3,Kiraci,1
56,27854.93,12896.87,369,7,Kiraci,1
62,69501.47,15179.73,411,8,Kiraci,1
59,27804.82,19376.95,663,12,Ev Sahibi,1
56,49539.53,5553.5,602,8,Aile,0
31,33685.86,23914.57,770,3,Aile,1
48,44037.92,20723.05,390,16,Ev Sahibi,1
22,49931.44,20745.49,829,15,Aile,1
52,49820.36,18507.81,491,14,Kiraci,1
40,51328.81,15156.93,541,2,Aile,1
46,69205.67,20382.89,437,24,Ev Sahibi,1
60,51803.01,19734.51,644,19,Kiraci,0
28,41337.65,12167.67,479,4,Ev Sahibi,1
35,59461.31,10411.19,802,22,Kiraci,0
64,62842.06,15814.85,502,4,Kiraci,1
29,26585.88,27392.16,491,19,Aile,1
26,53961.0,5087.14,304,14,Kiraci,1
27,55517.59,3259.8,536,17,Ev Sahibi,1
61,40536.55,16318.09,610,14,Aile,1
34,65635.6,15407.1,848,1,Ev Sahibi,0
55,42749.17,16386.73,355,12,Kiraci,1
24,46883.65,16951.63,742,3,Ev Sahibi,0
63,42403.92,13214.38,536,9,Ev Sahibi,1
30,45233.69,26918.91,496,12,Kiraci,1
57,28555.87,2192.77,813,9,Aile,0
59,23399.24,8372.02,748,8,Ev Sahibi,0
26,68917.58,14173.96,659,7,Kiraci,0
44,32295.58,1854.49,329,2,Aile,1
19,30129.11,13593.16,407,15,Aile,1
22,15000.0,28291.76,744,13,Aile,1
46,35415.57,15167.09,737,8,Ev Sahibi,1
54,25153.65,16845.61,756,20,Ev Sahibi,1
55,69630.23,4918.68,794,10,Ev Sahibi,0
36,60147.26,10069.11,546,2,Aile,1
25,34677.74,11998.43,842,4,Ev Sahibi,0
62,78786.54,12458.28,738,9,Kiraci,0
18,59726.48,25253.15,577,12,Ev Sahibi,1
39,40127.53,19461.53,410,3,Ev Sahibi,1
34,15000.0,6108.34,684,23,Aile,1
24,79364.14,16972.04,490,12,Ev Sahibi,1
42,24156.41,18985.77,789,11,Kiraci,1
62,20319.02,24121.19,725,4,Aile,1
21,60338.56,27644.33,704,9,Kiraci,1
53,81596.29,6879.25,634,23,Aile,0
23,65764.09,8513.14,508,8,Aile,1
48,53458.64,4939.38,321,19,Ev Sahibi,1
36,53921.32,13127.84,507,6,Kiraci,1
61,57801.23,18730.87,307,1,Aile,1
56,56383.93,22898.68,828,21,Ev Sahibi,1
44,49217.87,14392.39,465,23,Aile,1
27,46563.02,12441.22,795,22,Aile,0
43,44061.1,16214.06,728,6,Aile,0
36,33690.53,8318.86,462,7,Aile,1
56,40789.87,31716.31,665,6,Aile,1
20,19605.65,2138.71,825,20,Aile,0
62,43524.91,16477.92,538,22,Ev Sahibi,1
30,30171.13,31188.85,371,13,Aile,1
45,28446.16,15054.4,744,18,Kiraci,1
37,47698.41,13479.69,808,4,Ev Sahibi,0
45,65880.03,12140.44,568,22,Kiraci,1
25,58774.75,13556.87,714,24,Aile,0
58,21442.49,25982.79,544,17,Kiraci,1
56,30155.58,0.0,359,19,Aile,1
18,59111.57,27267.47,305,11,Aile,1
20,30262.69,3608.34,706,22,Ev Sahibi,0
30,41630.5,12866.78,516,16,Ev Sahibi,1
45,53250.78,11566.04,325,12,Aile,1
42,30474.83,19708.43,304,1,Ev Sahibi,1
50,46580.63,2215.01,831,24,Kiraci,0
55,24989.62,18697.38,689,12,Ev Sahibi,1
23,35979.49,31194.48,747,6,Ev Sahibi,1
61,49796.73,4094.61,445,9,Kiraci,1
62,21105.09,16517.65,687,22,Ev Sahibi,1
49,51607.12,9704.14,548,5,Aile,1
62,44705.43,18407.1,825,2,Kiraci,1
64,53287.35,15153.18,761,2,Aile,0
38,48358.71,9868.1,312,17,Kiraci,1
33,65462.11,18902.98,683,10,Aile,0
38,46878.37,29434.78,698,21,Aile,1
28,38558.92,13472.77,318,19,Ev Sahibi,1
54,46834.46,20758.06,790,4,Aile,1
53,53149.47,4653.82,718,18,Ev Sahibi,0
52,45732.9,7348.51,636,21,Kiraci,0
36,45608.88,18779.25,718,18,Aile,1
37,34470.12,26872.93,421,14,Aile,1
35,35056.49,17844.91,731,15,Kiraci,1
64,23960.92,12495.54,343,23,Kiraci,1
58,71243.65,14994.33,616,8,Aile,0
31,26342.05,4996.74,680,3,Kiraci,0
32,34606.42,19836.12,444,14,Ev Sahibi,1
48,34223.89,22058.66,626,24,Kiraci,1
18,58423.87,11383.28,662,11,Kiraci,0
20,40575.75,11239.66,349,22,Aile,1
33,63716.13,17127.03,364,2,Ev Sahibi,1
40,34897.64,11506.24,654,22,Kiraci,0
28,49184.91,14470.94,463,13,Ev Sahibi,1
29,32469.79,31797.77,440,16,Ev Sahibi,1
27,77177.24,13023.79,427,18,Ev Sahibi,1
49,27186.02,12133.28,697,5,Aile,1
33,49647.31,9819.67,762,3,Kiraci,0
25,54506.65,20953.54,486,6,Aile,1
55,51206.99,13550.21,489,18,Kiraci,1
29,42220.69,9805.02,687,16,Kiraci,0
41,43052.69,25570.43,728,24,Aile,1
45,45657.17,26356.82,583,15,Ev Sahibi,1
25,42794.97,10196.61,536,14,Ev Sahibi,1
45,59458.19,67.68,493,21,Kiraci,1
53,78157.85,23060.11,586,7,Aile,0
43,36637.62,9522.96,435,18,Ev Sahibi,1
25,24452.96,21325.0,470,7,Ev Sahibi,1
45,43675.77,0.0,458,17,Kiraci,1
45,83695.64,22140.78,500,15,Kiraci,1
54,32944.88,5310.62,786,19,Aile,0
58,69586.75,20846.11,803,18,Kiraci,0
53,70165.51,15114.18,670,9,Ev Sahibi,0
44,36696.18,7368.48,402,16,Ev Sahibi,1
34,53534.75,11743.71,424,12,Ev Sahibi,1
26,69425.95,20490.55,612,12,Ev Sahibi,0
50,39313.08,15847.16,757,6,Aile,1
37,41946.29,19675.3,529,9,Aile,1
30,36274.79,30811.52,496,1,Kiraci,1
45,29778.65,2486.07,722,3,Kiraci,0
46,35260.84,27937.7,470,24,Kiraci,1
30,26640.9,15834.85,681,5,Aile,1
63,45511.25,7809.73,472,23,Ev Sahibi,1
52,33450.4,4357.49,752,17,Kiraci,0
23,48506.79,13487.04,649,22,Ev Sahibi,0
35,21661.57,22373.2,793,5,Kiraci,1
22,49963.2,13979.61,303,24,Kiraci,1
64,57502.93,27089.24,392,22,Kiraci,1
42,15093.97,3390.59,305,16,Kiraci,1
19,50610.85,14903.29,587,13,Kiraci,0
27,63415.03,4980.85,445,23,Ev Sahibi,1
47,26855.38,17909.06,723,10,Kiraci,1
62,70088.59,22095.1,756,18,Ev Sahibi,0
22,51285.29,11633.91,501,1,Aile,1
50,34424.82,0.0,511,2,Kiraci,1
18,44163.46,16591.59,305,10,Ev Sahibi,1
35,53374.9,18493.91,675,5,Aile,0
49,46140.08,18234.36,746,13,Aile,0
64,53081.34,24886.26,405,18,Aile,1
28,31189.9,6431.57,700,15,Ev Sahibi,0
38,47540.41,20441.73,395,20,Kiraci,1
43,23794.28,24540.06,687,21,Kiraci,1
42,43331.61,771.3,751,23,Ev Sahibi,0
39,31441.39,17557.21,715,6,Kiraci,1
44,33967.05,10966.56,803,7,Ev Sahibi,0
30,63541.4,14347.82,753,18,Kiraci,0
50,61369.65,17781.41,590,19,Aile,0
51,54137.07,11102.17,833,15,Kiraci,0
58,28615.31,9594.34,492,21,Ev Sahibi,1
52,40253.87,15273.22,449,6,Ev Sahibi,1
18,63196.47,6302.03,814,8,Aile,0
38,47125.75,6313.4,692,12,Ev Sahibi,0
23,79789.94,20434.99,615,0,Kiraci,0
45,50899.77,5809.65,375,7,Kiraci,1
34,47880.74,20330.5,569,23,Aile,1
22,40363.25,18700.73,524,21,Ev Sahibi,1
48,47003.11,1193.55,829,3,Aile,0
22,42712.95,9579.48,412,2,Kiraci,1
55,55621.63,24552.88,550,2,Aile,1
20,59350.53,7150.68,532,21,Ev Sahibi,1
40,33210.16,11284.77,382,12,Aile,1
54,25031.51,18696.49,424,7,Ev Sahibi,1
54,17456.92,21267.12,474,6,Ev Sahibi,1
27,52619.87,12987.69,368,0,Kiraci,1
27,28449.5,10219.92,346,15,Kiraci,1
36,15000.0,26378.96,555,5,Kiraci,1
34,50828.68,28911.2,329,6,Ev Sahibi,1
38,82394.99,22830.86,580,11,Aile,0
31,44908.94,15682.55,536,22,Ev Sahibi,1
26,57577.36,8533.87,547,8,Kiraci,1
63,46227.44,8356.44,667,10,Kiraci,0
18,43516.66,19180.11,794,9,Aile,1
62,58786.15,18347.19,324,20,Kiraci,1
30,40645.88,26212.79,789,0,Kiraci,1
21,49010.88,20203.6,793,17,Kiraci,1
18,49825.47,2975.36,613,3,Aile,0
57,34978.64,23415.58,674,4,Ev Sahibi,1
49,59880.64,7015.51,324,8,Kiraci,1
51,42375.6,11928.23,633,16,Aile,0
45,33663.82,17001.6,654,2,Kiraci,1
48,53047.65,30965.34,415,15,Aile,1
25,31522.98,39879.35,347,4,Kiraci,1
56,45422.72,19853.78,398,15,Aile,1
43,44863.22,13534.43,758,2,Kiraci,0
51,61288.43,19276.05,822,19,Ev Sahibi,0
20,52120.47,22101.24,704,14,Kiraci,1
29,44624.6,12434.66,513,2,Aile,1
18,57266.49,29361.69,802,19,Kiraci,1
61,65853.11,16840.57,747,13,Ev Sahibi,0
22,53367.15,18981.94,557,15,Kiraci,1
47,45155.29,20327.39,420,16,Aile,1
47,25322.46,18372.69,353,23,Aile,1
34,29023.3,21711.52,630,19,Ev Sahibi,1
64,40421.63,10061.97,540,22,Aile,1
40,35857.32,10533.59,829,17,Kiraci,0
32,42195.43,6198.77,782,17,Kiraci,0
54,45849.75,18516.01,486,21,Kiraci,1
38,52945.39,21231.49,561,13,Aile,1
31,43942.52,18662.18,663,17,Kiraci,1
19,52297.52,28395.94,790,14,Kiraci,1
28,45967.12,14955.23,730,14,Kiraci,0
56,15368.0,20349.93,538,5,Ev Sahibi,1
55,30909.97,6266.39,603,14,Aile,0
51,42838.69,11903.2,597,17,Aile,0
55,26854.58,20564.3,375,3,Aile,1
51,53998.93,21792.82,632,22,Ev Sahibi,1
35,67961.26,12648.26,773,7,Aile,0
47,63281.43,14427.21,582,14,Ev Sahibi,0
32,41798.36,2857.01,371,2,Ev Sahibi,1
44,67360.89,12143.77,562,14,Aile,1
51,47230.01,22123.07,311,12,Kiraci,1
55,39943.71,19601.64,440,8,Kiraci,1
50,35798.96,19005.33,316,1,Aile,1
41,40462.95,15398.19,362,23,Aile,1
32,39177.35,15056.51,552,7,Ev Sahibi,1
47,47556.24,9717.43,764,19,Aile,0
59,47408.61,20590.63,675,16,Ev Sahibi,1
34,45045.69,18367.78,819,12,Aile,1
22,51554.07,18936.15,389,0,Kiraci,1
46,62859.69,10791.72,474,1,Kiraci,1
21,59243.31,0.0,375,14,Aile,1
27,22726.53,23777.22,699,11,Ev Sahibi,1
34,15000.0,11169.3,370,13,Kiraci,1
27,59014.8,8097.79,479,24,Ev Sahibi,1
34,24496.82,20547.83,423,1,Aile,1
37,41628.52,11863.9,680,17,Aile,0
41,27448.3,23479.49,592,21,Kiraci,1
22,17970.29,19936.05,494,6,Aile,1
51,53121.94,20468.55,527,22,Kiraci,1
23,56387.33,4072.35,730,24,Ev Sahibi,0
19,36352.34,24695.55,735,5,Kiraci,1
30,15000.0,17090.0,760,13,Kiraci,1
60,36806.33,12045.78,320,7,Ev Sahibi,1
60,50877.06,16147.11,363,21,Kiraci,1
28,22816.33,790.12,464,1,Kiraci,1
64,47750.4,18269.22,326,16,Aile,1
40,44770.35,6765.03,610,4,Ev Sahibi,0
33,53689.37,4178.64,584,13,Kiraci,0
48,46793.71,2821.13,580,24,Ev Sahibi,0
28,30403.97,23901.51,463,23,Ev Sahibi,1
33,62948.57,9965.89,523,19,Kiraci,1
25,42622.06,27269.82,445,20,Aile,1
21,44590.43,10713.59,329,20,Ev Sahibi,1
57,31000.98,1341.14,344,21,Kiraci,1
21,38350.77,6067.8,770,2,Ev Sahibi,0
42,31727.96,24886.49,333,4,Aile,1
20,42405.81,13752.81,726,15,Aile,0
49,70675.63,10613.7,520,17,Aile,1
20,24421.48,16280.15,833,16,Kiraci,1
44,20796.58,19014.26,666,10,Kiraci,1
46,67067.55,23939.19,849,16,Aile,0
49,41860.14,26587.99,415,15,Kiraci,1
36,34963.91,12121.85,538,22,Aile,1
38,60598.57,4391.62,634,1,Kiraci,0
22,35915.77,11692.28,740,3,Aile,0
35,72390.15,17082.24,447,20,Ev Sahibi,1
45,55168.89,7289.93,308,6,Aile,1
59,37681.33,7342.79,587,1,Aile,0
39,77359.62,17750.3,687,5,Kiraci,0
38,35914.28,14610.78,349,16,Kiraci,1
23,56131.43,15262.38,816,6,Kiraci,0
18,49489.39,8932.04,577,24,Kiraci,1
22,64526.12,13156.79,599,4,Kiraci,0
58,68422.67,7606.13,434,4,Kiraci,1
29,45480.06,22121.59,446,19,Ev Sahibi,1
43,33698.73,23281.99,789,15,Aile,1
63,51899.58,230.5,777,18,Aile,0
51,34834.27,7563.91,458,8,Aile,1
31,75200.81,3027.77,683,4,Ev Sahibi,0
43,47048.03,9799.81,462,7,Aile,1
62,39520.18,14332.5,740,8,Ev Sahibi,0
44,47770.2,3402.84,488,4,Ev Sahibi,1
26,24793.11,7625.12,714,9,Ev Sahibi,0
43,30425.79,6968.34,638,24,Aile,0
64,63006.21,16658.14,480,1,Ev Sahibi,1
39,35146.59,15554.75,587,8,Aile,1
64,29296.34,9226.1,486,10,Aile,1
47,53049.79,16414.57,437,3,Kiraci,1
60,62785.56,10626.56,429,21,Kiraci,1
34,55784.3,12826.76,493,21,Ev Sahibi,1
43,59940.72,28387.62,615,21,Ev Sahibi,1
53,33648.07,25723.69,443,1,Aile,1
18,23672.84,4603.35,315,22,Ev Sahibi,1
25,67520.0,21637.86,601,5,Ev Sahibi,0
52,40159.8,21491.17,722,13,Aile,1
32,41237.5,5813.89,544,0,Ev Sahibi,1
64,64922.91,21550.22,406,17,Ev Sahibi,1
39,53343.45,27303.46,387,6,Aile,1
31,51838.32,6019.64,428,0,Aile,1
43,77475.04,7659.98,640,0,Kiraci,0
45,35347.23,23141.29,303,0,Aile,1
40,58917.6,17171.96,626,23,Kiraci,0
31,45855.2,19411.81,709,3,Ev Sahibi,1
41,49028.88,17724.71,605,3,Aile,0
19,67927.03,18125.57,524,17,Aile,1
62,52617.54,4388.22,647,10,Aile,0
43,53074.44,23378.54,620,0,Ev Sahibi,1
31,61087.61,24356.72,480,9,Kiraci,1
24,39525.71,13164.87,685,8,Ev Sahibi,0
20,32411.85,14652.18,407,22,Ev Sahibi,1
64,29327.86,2751.14,830,3,Aile,0
40,15504.65,19114.04,709,5,Kiraci,1
63,75843.11,19576.46,595,15,Ev Sahibi,0
60,28451.87,14502.47,470,1,Aile,1
64,41681.2,23994.83,630,22,Ev Sahibi,1
62,40847.8,12327.38,792,17,Ev Sahibi,0
35,49611.1,19516.85,494,9,Aile,1
55,57236.06,6842.69,311,23,Aile,1
52,57907.1,14811.58,494,23,Kiraci,1
32,36253.84,13605.17,789,16,Ev Sahibi,0
42,42493.17,16802.46,481,12,Aile,1
54,49238.7,12043.78,615,23,Aile,0
45,41269.63,13948.22,329,17,Kiraci,1
27,69110.18,21608.38,395,21,Kiraci,1
56,52364.62,11505.89,680,12,Aile,0
34,56023.17,2147.38,743,16,Kiraci,0
56,54943.22,28996.67,597,4,Aile,1
39,62602.11,26051.63,660,10,Ev Sahibi,1
43,47715.32,4661.9,673,6,Kiraci,0
61,25547.52,20517.66,602,9,Ev Sahibi,1
42,50995.32,10976.2,720,16,Ev Sahibi,0
34,35229.65,17107.9,545,14,Ev Sahibi,1
30,37070.75,17353.79,536,17,Aile,1
37,53795.46,13124.74,833,22,Ev Sahibi,0
42,63574.25,8729.87,484,21,Ev Sahibi,1
21,45319.07,9475.67,767,18,Ev Sahibi,0
27,49632.5,7670.46,662,1,Aile,0
20,70533.22,8345.42,582,3,Ev Sahibi,0
58,48611.3,14462.57,635,2,Ev Sahibi,0
62,84025.25,9273.92,461,6,Kiraci,1
35,53482.64,20456.42,459,23,Aile,1
64,18588.56,26897.97,773,17,Ev Sahibi,1
53,56300.12,10359.57,621,9,Kiraci,0
64,50717.38,16915.24,311,6,Aile,1
39,64346.29,18997.48,723,7,Aile,0
51,55097.72,18776.02,372,5,Aile,1
64,42923.16,15607.64,500,21,Aile,1
25,26635.53,20941.46,821,0,Aile,1
57,41864.65,18857.99,804,3,Aile,1
61,32242.19,5098.7,338,13,Ev Sahibi,1
36,36292.15,21953.25,359,16,Ev Sahibi,1
59,53828.68,22098.33,620,19,Ev Sahibi,1
58,70048.57,8893.71,734,17,Ev Sahibi,0
54,50920.07,15303.5,707,10,Kiraci,0
23,27061.75,20466.63,685,20,Ev Sahibi,1
43,51669.04,13325.49,377,13,Aile,1
51,62949.47,23583.82,493,8,Ev Sahibi,1
62,35853.26,33910.98,584,14,Ev Sahibi,1
23,42989.74,8712.11,826,11,Aile,0
54,45220.32,3951.64,823,9,Ev Sahibi,0
50,33226.53,17430.55,455,18,Ev Sahibi,1
39,54724.21,20772.5,639,23,Ev Sahibi,0
38,43185.78,13153.07,424,18,Kiraci,1
23,51292.99,26626.09,579,5,Ev Sahibi,1
23,31687.62,4291.15,427,19,Aile,1
21,38438.13,20543.35,613,23,Aile,1
47,55835.72,10153.11,631,5,Ev Sahibi,0
28,39407.5,28755.02,449,7,Ev Sahibi,1
47,70904.46,30940.12,753,0,Ev Sahibi,1
48,39005.46,8866.75,335,21,Aile,1
41,48370.27,10603.54,719,16,Aile,0
26,58988.86,21876.7,321,16,Kiraci,1
20,23724.51,11902.95,505,23,Kiraci,1
48,18587.87,14636.71,655,14,Kiraci,1
57,22115.16,15203.11,739,6,Aile,1
54,63938.76,0.0,395,18,Kiraci,1
53,36722.13,14889.3,463,21,Ev Sahibi,1
41,83372.99,9482.18,447,24,Ev Sahibi,1
48,36536.29,11055.02,829,22,Aile,0
23,47768.27,26549.06,593,2,Kiraci,1
19,68131.65,4947.94,494,21,Ev Sahibi,1
37,75091.39,21505.64,779,10,Aile,0
45,75922.55,12768.3,422,19,Kiraci,1
28,63125.49,12761.92,699,18,Ev Sahibi,0
21,60360.94,21322.98,751,8,Kiraci,0
32,53887.9,17720.41,403,9,Aile,1
23,56675.42,19564.9,761,1,Kiraci,0
47,36732.21,22745.48,695,0,Aile,1
55,32727.02,12349.53,636,15,Kiraci,0
19,44949.38,10102.11,441,17,Ev Sahibi,1
32,42447.23,6318.8,616,22,Aile,0
28,38201.58,8396.72,826,16,Aile,0
25,55445.81,38592.76,700,5,Aile,1
43,59329.58,24957.44,609,13,Kiraci,1
62,46326.1,4191.41,794,22,Kiraci,0
61,67162.95,4420.34,408,24,Ev Sahibi,1
22,27874.66,18854.93,671,14,Aile,1
23,42095.11,19378.12,505,13,Aile,1
43,34247.67,19391.07,342,23,Kiraci,1
21,17001.95,12960.35,544,21,Kiraci,1
36,43759.79,13996.37,586,2,Ev Sahibi,0
37,43173.79,17623.04,654,23,Ev Sahibi,1
50,67701.75,15687.14,775,22,Kiraci,0
37,54462.18,0.0,382,18,Aile,1
29,29637.2,13161.6,409,24,Ev Sahibi,1
64,72811.39,8188.75,489,11,Kiraci,1
18,63315.51,16401.69,550,1,Kiraci,1
43,53731.47,38882.07,590,2,Aile,1
31,41602.74,17939.85,500,17,Kiraci,1
55,30608.41,12491.76,625,0,Kiraci,1
54,39416.9,22374.41,810,19,Ev Sahibi,1
28,61331.23,18861.5,708,20,Kiraci,0
53,73268.79,18360.76,807,5,Kiraci,0
30,68148.65,19854.8,371,4,Ev Sahibi,1
60,37667.26,31452.35,546,0,Aile,1
20,28205.74,5952.89,643,18,Aile,0
50,47113.29,18789.06,353,0,Ev Sahibi,1
23,18473.41,7588.95,827,20,Ev Sahibi,1
27,49847.52,19444.1,831,20,Aile,0
22,42785.96,7650.51,492,15,Aile,1
40,38009.45,11661.07,357,11,Aile,1
27,21079.45,12639.28,736,21,Aile,1
61,52704.0,22806.53,410,7,Aile,1
19,37009.49,22347.64,428,15,Ev Sahibi,1
